,Navigasi,Link
0,https://bengkulu.antaranews.com/38,https://www.antaranews.com/berita/3652776/hoaks-foto-pesawat-jatuh-di-karawang-pada-25-juli
1,https://bengkulu.antaranews.com/38,https://www.antaranews.com/berita/3565725/disinformasi-johnny-g-plate-dihukum-mati-pada-30-mei
2,https://bengkulu.antaranews.com/38,https://www.antaranews.com/foto/1942988/liga-spanyol-atletico-madrid-puncaki-klasemen-sementara-setelah-kalahkan-sevilla
3,https://bengkulu.antaranews.com/38,https://www.antaranews.com/berita/3143217/bellerin-alami-masalah-betis-krisis-cedera-barcelona-makin-parah
4,https://bengkulu.antaranews.com/38,https://www.antaranews.com/berita/2983629/hoaks-video-menampilkan-sosok-makhluk-aneh-dalam-hutan
5,https://bengkulu.antaranews.com/38,https://www.antaranews.com/berita/1935524/skuat-real-madrid-terjebak-di-pesawat-karena-cuaca-buruk
6,https://bengkulu.antaranews.com/38,https://www.antaranews.com/berita/3337371/misinformasi-rupiah-jadi-alat-tukar-di-lima-negara
7,https://bengkulu.antaranews.com/38,https://www.antaranews.com/berita/3492009/hoaks-raja-arab-saudi-salman-wafat
8,https://bengkulu.antaranews.com/38,https://www.antaranews.com/berita/3833187/anggota-dpr-power-wheeling-akibatkan-sulit-kendalikan-tarif-listrik
9,https://bengkulu.antaranews.com/38,https://www.antaranews.com/berita/2936997/hoaks-jokowi-bagikan-kaus-3-periode
10,https://bengkulu.antaranews.com/38,https://www.antaranews.com/berita/3684786/barcelona-tunjuk-deco-jadi-direktur-olahraga-baru
11,https://bengkulu.antaranews.com/38,https://www.antaranews.com/berita/3479592/hoaks-heru-budi-tersangka-korupsi-ratusan-triliun
12,https://bengkulu.antaranews.com/38,https://www.antaranews.com/berita/3324489/hoaks-jakarta-nyaris-hilang-dari-peta-akibat-puting-beliung
13,https://bengkulu.antaranews.com/38,https://www.antaranews.com/berita/3407934/hoaks-menag-yaqut-pindahkan-shalat-jumat-pada-sabtu
14,https://bengkulu.antaranews.com/38,https://www.antaranews.com/berita/3010317/etienne-capoue-perpanjang-kontrak-di-villarreal-hingga-2024
15,https://bengkulu.antaranews.com/38,https://www.antaranews.com/berita/3465498/laliga-rilis-video-review-system-untuk-hindari-risiko-cedera-pemain
16,https://bengkulu.antaranews.com/38,https://www.antaranews.com/berita/3367272/real-madrid-dan-bilbao-ke-semifinal-copa-del-rey
17,https://bengkulu.antaranews.com/38,https://www.antaranews.com/berita/3226401/atletico-madrid-bermain-imbang-1-1-lawan-espanyol
18,https://bengkulu.antaranews.com/38,https://www.antaranews.com/berita/2826041/lopetegui-tegaskan-sevilla-sudah-tak-sabar-hadapi-real-madrid
19,https://bengkulu.antaranews.com/38,https://www.antaranews.com/berita/2402969/sevilla-jegal-ambisi-sociedad-ke-puncak-klasemen
20,https://bengkulu.antaranews.com/38,https://www.antaranews.com/berita/3691158/hoaks-prabowo-gagal-nyapres-mk-kabulkan-batas-usia-capres-70-tahun-pada-20-agustus
21,https://bengkulu.antaranews.com/38,https://www.antaranews.com/berita/2010963/real-pangkas-jarak-dengan-atletico-usai-tundukkan-valladolid-1-0
22,https://bengkulu.antaranews.com/38,https://www.antaranews.com/berita/1964588/hazard-dan-benzema-bawa-real-gulung-alaves-4-1
23,https://bengkulu.antaranews.com/38,https://www.antaranews.com/berita/2587709/luka-modrid-dan-marcelo-positif-terpapar-covid-19
24,https://bengkulu.antaranews.com/38,https://www.antaranews.com/berita/2526065/hoaks-kelangkaan-bbm-akibat-kebakaran-kilang-pertamina-di-cilacap
25,https://bengkulu.antaranews.com/38,https://www.antaranews.com/berita/2857881/tiga-pertandingan-liga-spanyol-berakhir-1-1
26,https://bengkulu.antaranews.com/38,https://www.antaranews.com/berita/2662397/ancelotti-pastikan-eden-hazard-tidak-dijual
27,https://bengkulu.antaranews.com/38,https://www.antaranews.com/berita/2153826/sebagian-laga-dua-pekan-akhir-liga-spanyol-boleh-dihadiri-penonton
28,https://bengkulu.antaranews.com/38,https://www.antaranews.com/berita/2877389/hoaks-maruf-amin-shalat-jenazah-dengan-rukuk-dan-sujud
29,https://bengkulu.antaranews.com/38,https://www.antaranews.com/berita/2902065/bahan-bacaan-harus-disesuaikan-dengan-kebutuhan-masyarakat
30,https://bengkulu.antaranews.com/38,https://www.antaranews.com/berita/2772801/real-madrid-dibantai-barcelona-carlo-ancelotti-minta-maaf
31,https://bengkulu.antaranews.com/38,https://www.antaranews.com/berita/3038693/hoaks-pemerintah-luncurkan-situs-portal-gim-anak-bangsa
32,https://bengkulu.antaranews.com/38,https://www.antaranews.com/berita/3681234/disinformasi-jokowi-resmi-tunjuk-ahok-sebagai-gubernur-dki-jakarta-lagi-pada-awal-agustus
33,https://bengkulu.antaranews.com/38,https://www.antaranews.com/berita/2927857/gantikan-diego-carlos-sevilla-incar-bek-galatasaray-marcao
34,https://bengkulu.antaranews.com/38,https://www.antaranews.com/berita/1819212/geoffrey-kondogbia-resmi-jadi-rekrutan-baru-atletico-madrid
35,https://bengkulu.antaranews.com/38,https://www.antaranews.com/berita/3235937/hoaks-demam-reda-dengan-baluran-telur-rebus
36,https://bengkulu.antaranews.com/38,https://www.antaranews.com/berita/3531522/hoaks-ahok-ditetapkan-jadi-pendamping-ganjar-dalam-pemilu
37,https://bengkulu.antaranews.com/38,https://www.antaranews.com/berita/3190329/real-madrid-kokoh-di-puncak-klasemen-usai-menang-3-0-atas-elche
38,https://bengkulu.antaranews.com/38,https://www.antaranews.com/berita/3265601/hoaks-pergeseran-tanah-setelah-gempa-cianjur
39,https://bengkulu.antaranews.com/38,https://www.antaranews.com/berita/1973436/bilbao-lengkapi-jajaran-peserta-perempat-final-copa-del-rey
40,https://bengkulu.antaranews.com/38,https://www.antaranews.com/berita/1892512/kritik-bikin-madrid-kian-kuat-kata-zidane-seusai-menangi-derby
41,https://bengkulu.antaranews.com/38,https://www.antaranews.com/berita/2358706/klasemen-liga-spanyol-enam-tim-teratas-punya-poin-sama
42,https://bengkulu.antaranews.com/38,https://www.antaranews.com/berita/2186070/aguero-yakin-lionel-messi-tetap-bersama-barcelona
43,https://bengkulu.antaranews.com/38,https://www.antaranews.com/berita/3371376/hoaks-video-rekaman-terakhir-saat-kapal-titanic-tenggelam
44,https://bengkulu.antaranews.com/38,https://www.antaranews.com/berita/3448188/hoaks-laporan-surat-tilang-di-whatsapp-dengan-format-apk
45,https://bengkulu.antaranews.com/38,https://www.antaranews.com/berita/2653997/misinformasi-empat-orang-digulung-tsunami-tonga-dalam-video-tv-australia
46,https://bengkulu.antaranews.com/38,https://www.antaranews.com/berita/3641601/hoaks-foto-megawati-resmi-jadikan-puan-sebagai-bakal-cawapres-anies
47,https://bengkulu.antaranews.com/38,https://www.antaranews.com/berita/2757421/real-betis-geser-barca-dari-empat-besar-usai-tekuk-bilbao-1-0
48,https://bengkulu.antaranews.com/38,https://www.antaranews.com/berita/2327266/barcelona-berhasil-daftarkan-memphis-depay-eric-garcia-dan-rey-manaj
49,https://bengkulu.antaranews.com/38,https://www.antaranews.com/berita/2611993/barcelona-resmi-rampungkan-transfer-ferran-torres-dari-manchester-city
50,https://bengkulu.antaranews.com/38,https://www.antaranews.com/berita/3712737/villarreal-pecat-pelatih-quique-setien-setelah-catatkan-start-buruk
51,https://bengkulu.antaranews.com/38,https://www.antaranews.com/berita/2797893/penyerang-barcelona-luuk-de-jong-positif-covid-19
52,https://bengkulu.antaranews.com/38,https://www.antaranews.com/berita/3052513/hoaks-kulit-jeruk-bisa-putihkan-gigi
53,https://bengkulu.antaranews.com/38,https://www.antaranews.com/berita/2537833/bungkam-granada-4-1-real-madrid-puncaki-klasemen
54,https://bengkulu.antaranews.com/38,https://www.antaranews.com/berita/3033413/hoaks-video-penyelundupan-wanita-tuna-susila-dari-china
55,https://bengkulu.antaranews.com/38,https://www.antaranews.com/berita/2908385/luka-modric-dan-toni-kroos-konfirmasi-bertahan-di-real-madrid
56,https://bengkulu.antaranews.com/38,https://www.antaranews.com/berita/2635185/antoine-griezmann-tegaskan-tak-ingin-tinggalkan-atletico-madrid
57,https://bengkulu.antaranews.com/38,https://www.antaranews.com/berita/2106990/zidane-saya-bukan-pelatih-yang-buruk-tapi-juga-bukan-yang-terbaik
58,https://bengkulu.antaranews.com/38,https://www.antaranews.com/berita/3046705/hoaks-cacar-monyet-merupakan-kipi-dari-vaksin
59,https://bengkulu.antaranews.com/38,https://www.antaranews.com/berita/3345288/misinformasi-pemerintah-cetak-ribuan-ktp-wna-china-untuk-pemilu-2024
60,https://bengkulu.antaranews.com/38,https://www.antaranews.com/berita/3032597/joao-felix-siap-hadapi-tantangan-di-musim-ini-bersama-atletico-madrid
61,https://bengkulu.antaranews.com/38,https://www.antaranews.com/foto/2120270/la-liga-real-madrid-bermain-imbang-dengan-real-betis-0-0
62,https://bengkulu.antaranews.com/38,https://www.antaranews.com/berita/3464862/hoaks-act-kembali-kumpukan-dana-untuk-palestina
63,https://bengkulu.antaranews.com/38,https://www.antaranews.com/foto/3537885/liga-spanyol-real-madrid-menang-1-0-atas-getafe
64,https://bengkulu.antaranews.com/38,https://www.antaranews.com/berita/1926028/eibar-pungkasi-tren-nirmenang-ketika-sociedad-imbang-lawan-osasuna
65,https://bengkulu.antaranews.com/38,https://www.antaranews.com/berita/3601005/hoaks-undangan-tahapan-seleksi-kerja-bpjs-kesehatan
66,https://bengkulu.antaranews.com/38,https://www.antaranews.com/berita/3701001/waspada-pesan-tugas-berhadiah-mengatasnamakan-traveloka
67,https://bengkulu.antaranews.com/38,https://www.antaranews.com/berita/2959405/misinformasi-lemon-lebih-ampuh-atasi-kanker-dibandingkan-kemoterapi
68,https://bengkulu.antaranews.com/38,https://www.antaranews.com/berita/2738449/ajak-gabung-barcelona-xavi-temui-langsung-erling-haaland
69,https://bengkulu.antaranews.com/38,https://www.antaranews.com/foto/2342734/liga-spanyol-athletic-bilbao-tahan-barcelona-1-1
70,https://bengkulu.antaranews.com/38,https://www.antaranews.com/berita/1923288/osasuna-dan-alaves-berbagi-poin-di-laga-pemungkas-2020
71,https://bengkulu.antaranews.com/38,https://www.antaranews.com/berita/3722100/disinformasi-rapat-rahasia-antara-jokowi-sby-dan-megawati-pada-awal-september
72,https://bengkulu.antaranews.com/38,https://www.antaranews.com/berita/3755895/hoaks-video-bayi-selamat-dari-runtuhan-gempa-maroko
73,https://bengkulu.antaranews.com/38,https://www.antaranews.com/berita/2450245/hoaks-semua-pemilik-ktp-wajib-bayar-pajak
74,https://bengkulu.antaranews.com/38,https://www.antaranews.com/berita/3002189/hoaks-pasangan-di-ghana-wajib-gunakan-pakaian-pengantin-saat-bercerai
75,https://bengkulu.antaranews.com/38,https://www.antaranews.com/berita/3141545/hoaks-jet-tempur-jerman-tembak-jet-indonesia
76,https://bengkulu.antaranews.com/38,https://www.antaranews.com/berita/3303867/hoaks-foto-sungai-ciliwung-sebelum-dan-sesudah-era-heru-budi
77,https://bengkulu.antaranews.com/38,https://www.antaranews.com/berita/1985852/gol-larut-roberto-soldado-selamatkan-granada-dari-kekalahan-di-levante
78,https://bengkulu.antaranews.com/38,https://www.antaranews.com/berita/3125333/hoaks-mahfud-minta-kpk-tangkap-semua-buzzer
79,https://bengkulu.antaranews.com/38,https://www.antaranews.com/berita/2133782/hajar-osasuna-2-0-real-madrid-terus-tempel-atletico
80,https://bengkulu.antaranews.com/38,https://www.antaranews.com/berita/3089369/hoaks-kapolri-tarik-komjen-firli-bahuri-dari-kpk
81,https://bengkulu.antaranews.com/38,https://www.antaranews.com/berita/2041210/zidane-ragukan-masa-depan-sergio-ramos-di-madrid
82,https://bengkulu.antaranews.com/38,https://www.antaranews.com/foto/2382913/luuk-de-jong-bergabung-dengan-barcelona
83,https://bengkulu.antaranews.com/38,https://www.antaranews.com/berita/1879504/real-madrid-kembali-ke-jalur-kemenangan-dibantu-gol-bunuh-diri-sevilla
84,https://bengkulu.antaranews.com/38,https://www.antaranews.com/berita/2711601/hoaks-jokowi-kembali-diangkat-sebagai-presiden-pada-2024
85,https://bengkulu.antaranews.com/38,https://www.antaranews.com/berita/3178729/hoaks-twice-konser-di-depan-pendukung-persib
86,https://bengkulu.antaranews.com/38,https://www.antaranews.com/berita/2653509/xavi-akui-ousmane-dembele-bisa-tinggalkan-barcelona-di-januari
87,https://bengkulu.antaranews.com/38,https://www.antaranews.com/berita/3209169/hoaks-pemerintahan-jokowi-belum-akuisisi-saham-pt-freeport-indonesia
88,https://bengkulu.antaranews.com/38,https://kalsel.antaranews.com/berita/395226/bre-cup-u-14-jaring-50-pesepakbola-tapin-berbakat
89,https://bengkulu.antaranews.com/38,https://www.antaranews.com/berita/2769361/hoaks-arab-saudi-tidak-wajibkan-masker-bagi-jemaah-masjidil-haram
90,https://bengkulu.antaranews.com/38,https://www.antaranews.com/berita/2981093/franck-kessie-akui-tak-sabar-bermain-untuk-barcelona
91,https://bengkulu.antaranews.com/38,https://www.antaranews.com/berita/3061541/hoaks-ayah-rizieq-shihab-dalam-foto-bersama-soekarno-dan-soedirman
92,https://bengkulu.antaranews.com/38,https://www.antaranews.com/berita/2689793/misinfomasi-petugas-suntik-paksa-vaksin-ke-masyarakat
93,https://bengkulu.antaranews.com/38,https://www.antaranews.com/berita/2406869/hoaks-tutup-hidung-dengan-bawang-putih-dapat-keluarkan-lendir-dari-paru-paru
94,https://bengkulu.antaranews.com/38,https://www.antaranews.com/berita/3377976/real-madrid-kembali-ke-jalur-kemenangan-usai-tekuk-valencia-2-0
95,https://bengkulu.antaranews.com/38,https://www.antaranews.com/berita/2284126/barcelona-persilakan-miralem-pjanic-dan-samuel-umtiti-untuk-hengkang
96,https://bengkulu.antaranews.com/38,https://www.antaranews.com/berita/2639601/hoaks-facebook-minta-sertifikat-vaksin-covid-19-untuk-akses-akun
97,https://bengkulu.antaranews.com/38,https://www.antaranews.com/berita/3606996/barcelona-resmi-umumkan-transfer-ilkay-gundogan
98,https://bengkulu.antaranews.com/38,https://www.antaranews.com/berita/3353976/sociedad-dan-sevilla-amankan-tiket-16-besar-lewat-kemenangan-tipis
99,https://bengkulu.antaranews.com/38,https://www.antaranews.com/berita/3424086/hoaks-hakim-wahyu-iman-santoso-alami-kecelakaan-usai-vonis-mati-ferdy-sambo
100,https://bengkulu.antaranews.com/38,https://www.antaranews.com/berita/3609426/hoaks-foto-anies-bersama-raja-salman-di-makkah-saat-tawaf
101,https://bengkulu.antaranews.com/38,https://www.antaranews.com/berita/3833190/angka-pengangguran-terbuka-di-kabupaten-bekasi-jawa-barat-turun
102,https://bengkulu.antaranews.com/38,https://www.antaranews.com/berita/2054322/andrea-pirlo-senang-terus-bersama-ronaldo-musim-depan
103,https://bengkulu.antaranews.com/38,https://www.antaranews.com/berita/3734733/benarkah-tekan-angka-nol-saat-mendapat-telepon-kuras-rekening-simak-faktanya
104,https://bengkulu.antaranews.com/38,https://www.antaranews.com/berita/2791109/hoaks-pemilu-2024-ditunda
105,https://bengkulu.antaranews.com/38,https://www.antaranews.com/berita/1907572/jadwal-liga-spanyol-momentum-atletico-tegaskan-jarak-dari-sociedad
106,https://bengkulu.antaranews.com/38,https://www.antaranews.com/berita/1852916/zidane-merasa-real-madrid-seharusnya-dapat-lebih-dari-satu-poin
107,https://bengkulu.antaranews.com/38,https://bengkulu.antaranews.com/berita/319965/polda-lampung-kantongi-lima-nama-anggota-jaringan-joki-cpns
108,https://bengkulu.antaranews.com/38,https://www.antaranews.com/berita/2727181/hoaks-anies-baswedan-jadi-kepala-otorita-ikn
109,https://bengkulu.antaranews.com/38,https://www.antaranews.com/berita/3112289/hoaks-rusia-deklarasikan-perang-nuklir-lawan-ukraina
110,https://bengkulu.antaranews.com/38,https://www.antaranews.com/berita/2503885/hoaks-video-detik-detik-kecelakaan-mobil-vanessa-angel
111,https://bengkulu.antaranews.com/38,https://www.antaranews.com/berita/3628092/misinformasi-pemerintah-italia-tawarkan-pertandingan-elon-musk-vs-mark-zuckerberg-di-colosseum
112,https://bengkulu.antaranews.com/38,https://www.antaranews.com/berita/3319455/real-madrid-pertimbangkan-untuk-boyong-josko-gvardiol-dari-rb-leipzig
113,https://bengkulu.antaranews.com/38,https://www.antaranews.com/berita/2169198/atletico-siap-habis-habisan-dalam-laga-pamungkas-demi-juara-liga
114,https://bengkulu.antaranews.com/38,https://www.antaranews.com/berita/3661422/hoaks-poster-digital-layanan-aduan-polda-metro-jaya
115,https://bengkulu.antaranews.com/38,https://www.antaranews.com/berita/2844229/misinformasi-helikopter-mendarat-darurat-di-tol-merak
116,https://bengkulu.antaranews.com/38,https://www.antaranews.com/berita/3556974/hamilton-dukung-keberanian-vinicius-hadapi-rasisme-di-olahraga
117,https://bengkulu.antaranews.com/38,https://www.antaranews.com/berita/2087814/athletic-bilbao-seri-1-1-lawan-sociedad
118,https://bengkulu.antaranews.com/38,https://www.antaranews.com/foto/1998449/liga-spanyol-atletico-madrid-menang-atas-granada-2-1
119,https://bengkulu.antaranews.com/38,https://www.antaranews.com/berita/3116541/hoaks-pemerintah-larang-pelajar-sekolah-negeri-pakai-jilbab
120,https://bengkulu.antaranews.com/38,https://www.antaranews.com/berita/3455841/hoaks-jokowi-resmi-deklarasikan-gibran-dengan-anies-baswedan
121,https://bengkulu.antaranews.com/38,https://www.antaranews.com/berita/3094689/hoaks-pasukan-khusus-china-pergi-ke-ukraina-bantu-rusia
122,https://bengkulu.antaranews.com/38,https://www.antaranews.com/berita/2542677/pemkot-kendari-ajak-mahasiswa-dan-pelajar-tangkal-berita-hoaks
123,https://bengkulu.antaranews.com/38,https://www.antaranews.com/berita/3132333/hoaks-laudya-cynthia-bella-ke-istana-presiden-bahas-pernikahan-dengan-pangeran-arab
124,https://bengkulu.antaranews.com/38,https://www.antaranews.com/berita/1956720/bono-angkat-sevilla-ke-posisi-empat-klasemen-la-liga
125,https://bengkulu.antaranews.com/38,https://www.antaranews.com/berita/3673500/waspada-penipuan-lowongan-kerja-melalui-linkedin
126,https://bengkulu.antaranews.com/38,https://www.antaranews.com/berita/3546153/disinformasi-denda-rp200-ribu-jika-telat-buat-ktp-satu-tahun
127,https://bengkulu.antaranews.com/38,https://www.antaranews.com/berita/3396213/valencia-tunjuk-mantan-pemainnya-ruben-baraja-jadi-pelatih-baru
128,https://bengkulu.antaranews.com/38,https://www.antaranews.com/berita/3615930/misinformasi-video-jokowi-akan-menjadi-cawapres-prabowo-di-pemilu-2024
129,https://bengkulu.antaranews.com/38,https://www.antaranews.com/berita/2590905/hoaks-gagal-jantung-hingga-strok-adalah-gejala-omicron
130,https://bengkulu.antaranews.com/38,https://www.antaranews.com/berita/3769995/anggota-muslimat-nu-ciptakan-aplikasi-untuk-tangkal-hoaks
131,https://bengkulu.antaranews.com/38,https://www.antaranews.com/berita/3511335/hoaks-video-data-hasil-pemungutan-suara-pemilu-2024
132,https://bengkulu.antaranews.com/38,https://www.antaranews.com/berita/2669893/hoaks-minum-kopi-tanpa-gula-dapat-mengatasi-omicron
133,https://bengkulu.antaranews.com/38,https://www.antaranews.com/berita/3027089/hoaks-kemunculan-ufo-di-tanah-abang
134,https://bengkulu.antaranews.com/38,https://www.antaranews.com/berita/3503004/barcelona-kokohkan-diri-di-puncak-klasemen-usai-tekuk-atletico-1-0
135,https://bengkulu.antaranews.com/38,https://www.antaranews.com/berita/3710346/hoaks-beras-palsu-asal-tiongkok-beredar-di-tanah-air
136,https://bengkulu.antaranews.com/38,https://www.antaranews.com/berita/2880337/eden-hazard-tetap-bertahan-di-real-madrid-musim-depan-kata-ancelotti
137,https://bengkulu.antaranews.com/38,https://www.antaranews.com/berita/3380697/hoaks-jakarta-diguncang-gempa-127-sr
138,https://bengkulu.antaranews.com/38,https://www.antaranews.com/berita/2416649/marcos-andre-antar-sepuluh-pemain-valencia-imbangi-bilbao
139,https://bengkulu.antaranews.com/38,https://www.antaranews.com/berita/3314882/hoaks-arab-saudi-larang-pasang-pengeras-suara-di-masjid
140,https://bengkulu.antaranews.com/38,https://www.antaranews.com/berita/2815177/hoaks-haji-dibatalkan-dananya-dialihkan-untuk-pembangunan-ikn
141,https://bengkulu.antaranews.com/38,https://www.antaranews.com/berita/3579663/hoaks-messi-tiba-di-jakarta-langsung-disambut-jokowi
142,https://bengkulu.antaranews.com/38,https://www.antaranews.com/berita/1864492/penalti-larut-levante-hentikan-momentum-kemenangan-beruntun-valladolid
143,https://bengkulu.antaranews.com/38,https://www.antaranews.com/berita/1979811/presiden-real-florentino-perez-positif-terinfeksi-covid-19
144,https://bengkulu.antaranews.com/38,https://www.antaranews.com/berita/3512832/tiga-gol-karim-benzema-bawa-real-madrid-menang-4-2-atas-almeria
145,https://bengkulu.antaranews.com/38,https://www.antaranews.com/berita/3423090/gol-bunuh-diri-eder-militao-bawa-barcelona-menang-1-0-atas-real-madrid
146,https://bengkulu.antaranews.com/38,https://www.antaranews.com/berita/2623941/ferran-torres-dilaporkan-terpapar-covid-19-usai-diresmikan-barcelona
147,https://bengkulu.antaranews.com/38,https://www.antaranews.com/berita/3080353/hoaks-video-anies-baswedan-mengaku-rancang-desain-lapangan-banteng
148,https://bengkulu.antaranews.com/38,https://www.antaranews.com/berita/3075513/hoaks-ferdy-sambo-ucapkan-terima-kasih-dalam-skenario-brigadir-j
149,https://bengkulu.antaranews.com/38,https://www.antaranews.com/berita/3355527/hoaks-lato-lato-berarti-aku-yahudi
150,https://bengkulu.antaranews.com/38,https://www.antaranews.com/berita/2028393/bek-barcelona-gerard-pique-terancam-absen-tiga-pekan-karena-cedera
151,https://bengkulu.antaranews.com/38,https://www.antaranews.com/berita/3071209/hoaks-bungker-uang-rp900-miliar-milik-sambo-terbongkar
152,https://bengkulu.antaranews.com/38,https://www.antaranews.com/berita/3058089/real-madrid-memulai-musim-dengan-kemenangan-2-1-atas-almeria
153,https://bengkulu.antaranews.com/38,https://www.antaranews.com/berita/2471589/hoaks-anak-13-tahun-asal-china-retas-facebook
154,https://bengkulu.antaranews.com/38,https://www.antaranews.com/foto/3762447/liga-spanyol-madrid-bantai-osasuna-4-0
155,https://bengkulu.antaranews.com/38,https://www.antaranews.com/berita/2496345/hoaks-barcelona-tunjuk-luhut-sebagai-pengganti-ronald-koeman
156,https://bengkulu.antaranews.com/38,https://www.antaranews.com/berita/2557533/cegah-212-polisi-tutup-jalan-patung-kuda-monas-mulai-rabu-malam
157,https://bengkulu.antaranews.com/38,https://www.antaranews.com/berita/3365319/hoaks-rahim-buatan-untuk-memilih-karakteristik-bayi
158,https://bengkulu.antaranews.com/38,https://www.antaranews.com/berita/2268466/lionel-messi-akan-teken-kontrak-baru-berdurasi-lima-tahun-di-barcelona
159,https://bengkulu.antaranews.com/38,https://www.antaranews.com/berita/2061062/bayern-muenchen-siap-bajak-lucas-vazquez-dari-real-madrid
160,https://bengkulu.antaranews.com/38,https://www.antaranews.com/berita/3654384/eks-gelandang-real-madrid-isco-alarcon-resmi-gabung-real-betis
161,https://bengkulu.antaranews.com/38,https://www.antaranews.com/berita/3782388/hoaks-jokowi-lantik-anies-jadi-ketua-kpk-pada-18-oktober
162,https://bengkulu.antaranews.com/38,https://www.antaranews.com/berita/3802032/misinformasi-debat-capres-pemilu-2024-ditiadakan
163,https://bengkulu.antaranews.com/38,https://www.antaranews.com/berita/2524197/real-madrid-harus-bersaing-dengan-psg-untuk-dapatkan-franck-kessie
164,https://bengkulu.antaranews.com/38,https://www.antaranews.com/berita/2680833/vallecano-ke-semifinal-piala-raja-setelah-singkirkan-mallorca-1-0
165,https://bengkulu.antaranews.com/38,https://www.antaranews.com/berita/2623185/hoaks-daftar-penerima-blt-umkm-rp12-juta-pada-januari
166,https://bengkulu.antaranews.com/38,https://www.antaranews.com/berita/2571973/hoaks-video-angin-puting-beliung-di-merak-banten
167,https://bengkulu.antaranews.com/38,https://www.antaranews.com/berita/2390157/hoaks-masjid-istiqlal-dipasangi-lampu-warna-warni-seperti-diskotek
168,https://bengkulu.antaranews.com/38,https://www.antaranews.com/berita/3100597/vinicius-jr-kini-warga-negara-spanyol
169,https://bengkulu.antaranews.com/38,https://www.antaranews.com/berita/3745890/hoaks-ratusan-ikan-di-tuban-mati-karena-terkontaminasi-limbah-nuklir
170,https://bengkulu.antaranews.com/38,https://www.antaranews.com/berita/1828488/tiga-penalti-dan-gol-bunuh-diri-buat-real-madrid-takluk-di-valencia
171,https://bengkulu.antaranews.com/38,https://www.antaranews.com/berita/3833202/pemerintah-waspadai-perlambatan-ekonomi-china
172,https://bengkulu.antaranews.com/38,https://www.antaranews.com/berita/3571392/laliga-luncurkan-logo-anyar-wakili-evolusi-selama-10-tahun-terakhir
173,https://bengkulu.antaranews.com/38,https://www.antaranews.com/berita/2020992/kalahkan-cadiz-1-0-real-betis-naik-ke-posisi-enam-la-liga
174,https://bengkulu.antaranews.com/38,https://www.antaranews.com/berita/2951097/resmi-diperkenalkan-rudiger-akui-jagokan-real-madrid-lawan-liverpool
175,https://bengkulu.antaranews.com/38,https://www.antaranews.com/berita/3479805/mourinho-balas-kritikan-mantan-pemain-real-madrid-antonio-cassano
176,https://bengkulu.antaranews.com/38,https://www.antaranews.com/berita/2226794/adama-traore-tidak-tutup-kemungkinan-untuk-kembali-ke-barcelona
177,https://bengkulu.antaranews.com/38,https://www.antaranews.com/berita/2597717/mino-raiola-bantah-rumor-kepindahan-erling-haaland-ke-real-madrid
178,https://bengkulu.antaranews.com/38,https://www.antaranews.com/berita/3434838/hoaks-video-orang-tua-ag-bersujud-agar-dibebaskan
179,https://bengkulu.antaranews.com/38,https://www.antaranews.com/berita/2715613/kalahkan-mallorca-2-1-real-betis-kian-kuat-cengkeram-posisi-tiga
180,https://bengkulu.antaranews.com/38,https://www.antaranews.com/berita/3797034/hoaks-kanker-kulit-muncul-akibat-penggunaan-kacamata-hitam
181,https://bengkulu.antaranews.com/38,https://www.antaranews.com/berita/2449321/xavi-hernandez-buka-pintu-gantikan-ronald-koeman
182,https://bengkulu.antaranews.com/38,https://www.antaranews.com/berita/2487185/hoaks-pakar-keuangan-as-sebut-pinjol-marak-di-negara-yang-suka-utang
183,https://bengkulu.antaranews.com/38,https://www.antaranews.com/berita/2605633/hoaks-uang-kertas-pecahan-rp200-ribu
184,https://bengkulu.antaranews.com/38,https://www.antaranews.com/berita/3103513/hoaks-tulisan-bharada-e-yang-khawatirkan-keselamatan-di-tahanan
185,https://bengkulu.antaranews.com/38,https://www.antaranews.com/berita/2687581/atasi-perlawanan-atletico-madrid-4-2-barcelona-naik-ke-empat-besar
186,https://bengkulu.antaranews.com/38,https://www.antaranews.com/berita/3676173/lima-pemain-rekrutan-klub-laliga-yang-bisa-jadi-kejutan-di-musim-2023
187,https://bengkulu.antaranews.com/38,https://www.antaranews.com/berita/1916016/real-madrid-perpanjang-kontrak-luka-modric-hingga-2022
188,https://bengkulu.antaranews.com/38,https://www.antaranews.com/berita/3077561/pierre-emerick-aubameyang-dikabarkan-sepakat-gabung-chelsea
189,https://bengkulu.antaranews.com/38,https://www.antaranews.com/berita/3154121/hoaks-bentrokan-suporter-arema-dan-persebaya-penyebab-tragedi-kanjuruhan
190,https://bengkulu.antaranews.com/38,https://www.antaranews.com/berita/2563117/joan-laporta-pastikan-barcelona-tertarik-pada-ferran-torres
191,https://bengkulu.antaranews.com/38,https://www.antaranews.com/berita/2487737/simeone-akui-tak-pernah-janjikan-waktu-bermain-kepada-setiap-pemain
192,https://bengkulu.antaranews.com/38,https://www.antaranews.com/berita/3392949/hoaks-pemerintah-salurkan-bansos-melalui-laman-danabansosidcom
193,https://bengkulu.antaranews.com/38,https://www.antaranews.com/berita/2478981/pesta-delapan-gol-sevilla-menang-5-3-atas-levante
194,https://bengkulu.antaranews.com/38,https://www.antaranews.com/berita/1899864/pelatih-sociedad-kami-lama-tak-melihat-barcelona-seagresif-ini
195,https://bengkulu.antaranews.com/38,https://www.antaranews.com/foto/2315026/salam-perpisahan-lionel-messi
196,https://bengkulu.antaranews.com/38,https://www.antaranews.com/berita/2838585/real-madrid-dikabarkan-incar-bruno-guimaraes-dari-newcastle-united
197,https://bengkulu.antaranews.com/38,https://www.antaranews.com/berita/3589062/hoaks-video-ganjar-diciduk-bawaslu-karena-bagikan-sembako-saat-kunjungan-kerja
198,https://bengkulu.antaranews.com/38,https://www.antaranews.com/berita/3290199/hoaks-mantan-wapres-filipina-berpakaian-transparan-saat-kunjungi-arab-saudi
199,https://bengkulu.antaranews.com/38,https://www.antaranews.com/berita/2427941/hoaks-remaja-di-malaysia-meninggal-karena-vaksin
200,https://bengkulu.antaranews.com/38,https://www.antaranews.com/berita/2746413/hoaks-polisi-babak-belur-dihajar-massa
201,https://bengkulu.antaranews.com/38,https://www.antaranews.com/berita/3833229/tni-al-siapkan-kapal-kapal-angkut-logistik-pemilu-2024
