title,link
antaranews.com,https://www.antaranews.com
Ramadhan,https://ramadhan.antaranews.com
Kalimantan Utara,https://kaltara.antaranews.com
Otomotif,https://otomotif.antaranews.com
Papua Barat,https://papuabarat.antaranews.com
Internasional,https://www.antaranews.com/dunia/internasional
Kalimantan Tengah,https://kalteng.antaranews.com
NTT,https://kupang.antaranews.com
Bulutangkis,https://www.antaranews.com/olahraga/bulutangkis
Hukum,https://www.antaranews.com/hukum
Sulawesi Tengah,https://sulteng.antaranews.com
Bangka/Belitung,https://babel.antaranews.com
Hiburan,https://www.antaranews.com/hiburan
Lampung,http://lampung.antaranews.com
Kalimantan Timur,https://kaltim.antaranews.com
Kuala Lumpur,https://kl.antaranews.com
Megapolitan,https://megapolitan.antaranews.com
Bisnis,https://www.antaranews.com/ekonomi/bisnis
Jawa Tengah,https://jateng.antaranews.com
Internasional,https://www.antaranews.com/sepakbola/internasional
Olahraga,https://www.antaranews.com/olahraga
Balap,https://www.antaranews.com/olahraga/balap
Yogyakarta,https://jogja.antaranews.com
Aceh/NAD,https://aceh.antaranews.com
Sumatera Selatan,http://sumsel.antaranews.com
Kalimantan Barat,https://kalbar.antaranews.com
Fashion,https://www.antaranews.com/lifestyle/fashion
Liga Champions,https://www.antaranews.com/sepakbola/liga-champions
Bali,https://bali.antaranews.com
Lenggang Jakarta,https://www.antaranews.com/metro/lenggang-jakarta
Asean,https://www.antaranews.com/dunia/asean
Karkhas,https://www.antaranews.com/karkhas
Kepulauan Riau,https://kepri.antaranews.com
Review,https://www.antaranews.com/lifestyle/review
Politik,https://www.antaranews.com/politik
Kriminalitas,https://www.antaranews.com/metro/kriminalitas
K-Pop,https://www.antaranews.com/hiburan/k-pop
Video,https://www.antaranews.com/video
Nusantara,https://www.antaranews.com/nusantara
Lintas Kota,https://www.antaranews.com/metro/lintas-kota
